<?xml version="1.0" encoding="ISO-8859-1"?>
<recipe>
	<command_sequence>
		<wakeup>10000</wakeup>
		<loop name = "Movie Loop 1">
			<movie>
				<name increment = "Yes">hal</name>
				<length>32</length>
				<parameters>hal-config-748z6-637z6-546z1-476z6-405z6-dz15</parameters>
				<check_focus>
                    <min_sum>60000</min_sum>
					<num_focus_checks>30</num_focus_checks>
					<focus_scan/>
				</check_focus>
				<overwrite>False</overwrite>
				<variable_entry name = "Movie Loop 1"></variable_entry>
			</movie>
		</loop>
		<loop name="Hybridize Loop 1">
			<variable_entry name = "Hybridize Loop 1"></variable_entry>
			<wakeup>10000</wakeup>
			<valve_protocol>Flow Image Buffer</valve_protocol>
			<loop name = "Movie Loop 2">
				<movie>
					<name increment = "Yes">hal</name>
					<length>20</length>
					<parameters>hal-config-748z6-637z6-546z1-dz15</parameters>
					<check_focus>
                        <min_sum>60000</min_sum>
						<num_focus_checks>30</num_focus_checks>
						<focus_scan/>
					</check_focus>
					<overwrite>False</overwrite>
					<variable_entry name = "Movie Loop 2"></variable_entry>
				</movie>
			</loop>
		</loop>
	</command_sequence>

	<loop_variable name = "Movie Loop 1">
		<file_path></file_path>
	</loop_variable>

	<loop_variable name = "Movie Loop 2">
		<file_path></file_path>
	</loop_variable>

	<loop_variable name = "Hybridize Loop 1">
		<value>
			<valve_protocol>Cleave</valve_protocol>
			<valve_protocol>Hybridize 2</valve_protocol>
			<email><subject>Microscope Update</subject><body>Starting Hyb 2</body></email>
		</value>
		<value>
			<valve_protocol>Cleave</valve_protocol>
			<valve_protocol>Hybridize 3</valve_protocol>
			<email><subject>Microscope Update</subject><body>Starting Hyb 3</body></email>
		</value>
		<value>
			<valve_protocol>Cleave</valve_protocol>
			<valve_protocol>Hybridize 4</valve_protocol>
			<email><subject>Microscope Update</subject><body>Starting Hyb 4</body></email>
		</value>
		<value>
			<valve_protocol>Cleave</valve_protocol>
			<valve_protocol>Hybridize 5</valve_protocol>
			<email><subject>Microscope Update</subject><body>Starting Hyb 5</body></email>
		</value>
		<value>
			<valve_protocol>Cleave</valve_protocol>
			<valve_protocol>Hybridize 6</valve_protocol>
			<email><subject>Microscope Update</subject><body>Starting Hyb 6</body></email>
		</value>
		<value>
			<valve_protocol>Cleave</valve_protocol>
			<valve_protocol>Hybridize 7</valve_protocol>
			<email><subject>Microscope Update</subject><body>Starting Hyb 7</body></email>
		</value>
		<value>
			<valve_protocol>Cleave</valve_protocol>
			<valve_protocol>Hybridize 8</valve_protocol>
			<email><subject>Microscope Update</subject><body>Starting Hyb 8</body></email>
		</value>
		<value>
			<valve_protocol>Cleave</valve_protocol>
			<valve_protocol>Hybridize 9</valve_protocol>
			<email><subject>Microscope Update</subject><body>Starting Hyb 9</body></email>
		</value>
		<value>
			<valve_protocol>Cleave</valve_protocol>
			<valve_protocol>Hybridize 10</valve_protocol>
			<email><subject>Microscope Update</subject><body>Starting Hyb 10</body></email>
		</value>
		<value>
			<valve_protocol>Cleave</valve_protocol>
			<valve_protocol>Hybridize 11</valve_protocol>
			<email><subject>Microscope Update</subject><body>Starting Hyb 11</body></email>
		</value>
		<value>
			<valve_protocol>Cleave</valve_protocol>
			<valve_protocol>Hybridize 12</valve_protocol>
			<email><subject>Microscope Update</subject><body>Starting Hyb 12</body></email>
		</value>
		<value>
			<valve_protocol>Cleave</valve_protocol>
			<valve_protocol>Hybridize 13</valve_protocol>
			<email><subject>Microscope Update</subject><body>Starting Hyb 13</body></email>
		</value>
	</loop_variable>
</recipe>
