<?xml version="1.0" encoding="ISO-8859-1"?>
<settings>
  <!-- camera settings-->
  <camera1>

    <!-- actual Andor features -->
    <exposure_time type="float">0.2</exposure_time>

    <!-- view settings -->
    <flip_horizontal type="int">0</flip_horizontal>
    <flip_vertical type="int">0</flip_vertical>
    <transpose type="int">0</transpose>
    <scalemax type="int">4096</scalemax>
    <scalemin type="int">0</scalemin>
    <max_intensity type="int">65536</max_intensity>
    <colortable type="string">ramp_sat.ctbl</colortable>
    <sync type="int">0</sync>
  </camera1>

  <!-- film settings -->
  <film>
    <filename type="string">test</filename> 
    <acq_mode type="string">fixed_length</acq_mode>
    <frames type="int">32</frames>
    <logfile type="string">c:\Data\image_log.txt</logfile>
    <auto_increment type="int">1</auto_increment>
    <want_bell type="int">1</want_bell>
    <auto_shutters type="int">1</auto_shutters>
    <filetype type="string">.dax</filetype>
  </film>

  <!-- illumination settings -->
  <illumination>
    <default_power type="custom">1.000,0.500,0.050,0.050,0.001</default_power>
    <shutters type="string">shutter-config-748z6-637z6-546z1-476z6-405z6.xml</shutters>
    <on_off_state type="custom">False,False,False,False,False</on_off_state>
    <power_buttons type="custom">[[['Max', 1.0], ['Low', 0.1]], [['Max', 1.0], ['Low', 0.1]], [['Max', 1.0], ['Low', 0.1]], [['Max', 1.0], ['Low', 0.1]], [['Max', 1.0], ['Low', 0.001]]]</power_buttons>
  </illumination>


  <!-- focus lock settings -->
  <focuslock>
    <hardware_z_scan>
      <z_offsets type="string">0,0, 1.5,1.5,1.5,1.5,1.5, 3,3,3,3,3, 4.5,4.5,4.5,4.5,4.5, 6,6,6,6,6, 7.5,7.5,7.5,7.5,7.5, 9,9,9,9,9</z_offsets>
    </hardware_z_scan>
  </focuslock>

</settings>


<!--
<camera1 is_new="False">

    <exposure_time type="float">0.2</exposure_time>
    <colortable type="string">green.ctbl</colortable>
    <cycle_value type="float">0.500002646617</cycle_value>
    <exposure_time type="float">0.5</exposure_time>
    <exposure_value type="float">0.500002646617</exposure_value>
    <external_trigger type="int">0</external_trigger>
    <flip_horizontal type="boolean">False</flip_horizontal>
    <flip_vertical type="boolean">False</flip_vertical>
    <scalemax type="int">4096</scalemax>
    <scalemin type="int">0</scalemin>
    <transpose type="boolean">False</transpose>
    <x_bin type="int">1</x_bin>
    <x_end type="int">2047</x_end>
    <x_pixels type="int">2048</x_pixels>
    <x_start type="int">0</x_start>
    <y_bin type="int">1</y_bin>
    <y_end type="int">2047</y_end>
    <y_pixels type="int">2048</y_pixels>
    <y_start type="int">0</y_start>
  </camera1>

  <film is_new="False">
    <acq_mode type="string">fixed_length</acq_mode>
    <auto_increment type="boolean">False</auto_increment>
    <auto_shutters type="boolean">True</auto_shutters>
    <directory type="string">E:\Data\test</directory>
    <extension type="string"/>
    <filename type="string">test</filename>
    <filetype type="string">.dax</filetype>
    <frames type="int">31</frames>
    <logfile type="string">E:\Data\image_log.txt</logfile>
    <want_bell type="boolean">True</want_bell>
    <want_big_endian type="boolean">False</want_big_endian>
  </film>

  <illumination is_new="False">
    <shutters type="string">shutter-config-750z7-647z7-560z3-488z7-405z7.xml</shutters>
  </illumination>


  



-->
