<?xml version="1.0" encoding="ISO-8859-1"?>
<repeat>
  <oversampling>1</oversampling>
  <frames>32</frames>
    
  <!-- 546, 0 um -->
  <event>
    <channel>2</channel>
    <power>1</power>
    <on>1.0</on>
    <off>2.0</off>
    <color>255,255,255</color>
  </event>

  <!-- 748, 637, 476, 405, 1.5 um -->
  <event>
    <channel>0</channel>
    <power>1</power>
    <on>3.0</on>
    <off>4.0</off>
    <color>255,255,255</color>
  </event>
  <event>
    <channel>1</channel>
    <power>1</power>
    <on>4.0</on>
    <off>5.0</off>
    <color>255,255,255</color>
  </event>
  <event>
    <channel>3</channel>
    <power>1</power>
    <on>5.0</on>
    <off>6.0</off>
    <color>255,255,255</color>
  </event>
  <event>
    <channel>4</channel>
    <power>1</power>
    <on>6.0</on>
    <off>7.0</off>
    <color>255,255,255</color>
  </event>

  <!-- 748, 637, 476, 405, 3.0 um -->
  <event>
    <channel>0</channel>
    <power>1</power>
    <on>8.0</on>
    <off>9.0</off>
    <color>255,255,255</color>
  </event>
  <event>
    <channel>1</channel>
    <power>1</power>
    <on>9.0</on>
    <off>10.0</off>
    <color>255,255,255</color>
  </event>
  <event>
    <channel>3</channel>
    <power>1</power>
    <on>10.0</on>
    <off>11.0</off>
    <color>255,255,255</color>
  </event>
  <event>
    <channel>4</channel>
    <power>1</power>
    <on>11.0</on>
    <off>12.0</off>
    <color>255,255,255</color>
  </event>

  <!-- 748, 637, 476, 405, 4.5 um -->
  <event>
    <channel>0</channel>
    <power>1</power>
    <on>13.0</on>
    <off>14.0</off>
    <color>255,255,255</color>
  </event>
  <event>
    <channel>1</channel>
    <power>1</power>
    <on>14.0</on>
    <off>15.0</off>
    <color>255,255,255</color>
  </event>
  <event>
    <channel>3</channel>
    <power>1</power>
    <on>15.0</on>
    <off>16.0</off>
    <color>255,255,255</color>
  </event>
  <event>
    <channel>4</channel>
    <power>1</power>
    <on>16.0</on>
    <off>17.0</off>
    <color>255,255,255</color>
  </event>

  <!-- 748, 637, 476, 405, 6.0 um -->
  <event>
    <channel>0</channel>
    <power>1</power>
    <on>18.0</on>
    <off>19.0</off>
    <color>255,255,255</color>
  </event>
  <event>
    <channel>1</channel>
    <power>1</power>
    <on>19.0</on>
    <off>20.0</off>
    <color>255,255,255</color>
  </event>
  <event>
    <channel>3</channel>
    <power>1</power>
    <on>20.0</on>
    <off>21.0</off>
    <color>255,255,255</color>
  </event>
  <event>
    <channel>4</channel>
    <power>1</power>
    <on>21.0</on>
    <off>22.0</off>
    <color>255,255,255</color>
  </event>

  <!-- 748, 637, 476, 405, 7.5 um -->
  <event>
    <channel>0</channel>
    <power>1</power>
    <on>23.0</on>
    <off>24.0</off>
    <color>255,255,255</color>
  </event>
  <event>
    <channel>1</channel>
    <power>1</power>
    <on>24.0</on>
    <off>25.0</off>
    <color>255,255,255</color>
  </event>
  <event>
    <channel>3</channel>
    <power>1</power>
    <on>25.0</on>
    <off>26.0</off>
    <color>255,255,255</color>
  </event>
  <event>
    <channel>4</channel>
    <power>1</power>
    <on>26.0</on>
    <off>27.0</off>
    <color>255,255,255</color>
  </event>

  <!-- 748, 637, 476, 405, 9.0 um -->
  <event>
    <channel>0</channel>
    <power>1</power>
    <on>28.0</on>
    <off>29.0</off>
    <color>255,255,255</color>
  </event>
  <event>
    <channel>1</channel>
    <power>1</power>
    <on>29.0</on>
    <off>30.0</off>
    <color>255,255,255</color>
  </event>
  <event>
    <channel>3</channel>
    <power>1</power>
    <on>30.0</on>
    <off>31.0</off>
    <color>255,255,255</color>
  </event>
  <event>
    <channel>4</channel>
    <power>1</power>
    <on>31.0</on>
    <off>32.0</off>
    <color>255,255,255</color>
  </event>

</repeat>
