<?xml version="1.0" encoding="ISO-8859-1"?>
<repeat>
  <oversampling>1</oversampling>
  <frames>20</frames>
  <event>
    <channel>2</channel>
    <power>1</power>
    <on>1.0</on>
    <off>2.0</off>
    <color>255,255,255</color>
  </event>

  <event>
    <channel>0</channel>
    <power>1</power>
    <on>3.0</on>
    <off>4.0</off>
    <color>255,255,255</color>
  </event>
  <event>
    <channel>1</channel>
    <power>1</power>
    <on>4.0</on>
    <off>5.0</off>
    <color>255,255,255</color>
  </event>
  
  <event>
    <channel>0</channel>
    <power>1</power>
    <on>6.0</on>
    <off>7.0</off>
    <color>255,255,255</color>
  </event>
  <event>
    <channel>1</channel>
    <power>1</power>
    <on>7.0</on>
    <off>8.0</off>
    <color>255,255,255</color>
  </event>

  <event>
    <channel>0</channel>
    <power>1</power>
    <on>9.0</on>
    <off>10.0</off>
    <color>255,255,255</color>
  </event>
  <event>
    <channel>1</channel>
    <power>1</power>
    <on>10.0</on>
    <off>11.0</off>
    <color>255,255,255</color>
  </event>

  <event>
    <channel>0</channel>
    <power>1</power>
    <on>12.0</on>
    <off>13.0</off>
    <color>255,255,255</color>
  </event>
  <event>
    <channel>1</channel>
    <power>1</power>
    <on>13.0</on>
    <off>14.0</off>
    <color>255,255,255</color>
  </event>

  <event>
    <channel>0</channel>
    <power>1</power>
    <on>15.0</on>
    <off>16.0</off>
    <color>255,255,255</color>
  </event>
  <event>
    <channel>1</channel>
    <power>1</power>
    <on>16.0</on>
    <off>17.0</off>
    <color>255,255,255</color>
  </event>

  <event>
    <channel>0</channel>
    <power>1</power>
    <on>18.0</on>
    <off>19.0</off>
    <color>255,255,255</color>
  </event>
  <event>
    <channel>1</channel>
    <power>1</power>
    <on>19.0</on>
    <off>20.0</off>
    <color>255,255,255</color>
  </event>

  

</repeat>
