<?xml version="1.0" encoding="ISO-8859-1"?>
<settings>
  <!-- camera settings -->
  <camera1>

    <!-- actual Andor features -->
    <exposure_time type="float">0.2</exposure_time>

    <!-- view settings -->
    <flip_horizontal type="int">0</flip_horizontal>
    <flip_vertical type="int">0</flip_vertical>
    <transpose type="int">0</transpose>
    <scalemax type="int">2000</scalemax>
    <scalemin type="int">100</scalemin>
    <max_intensity type="int">65536</max_intensity>
    <colortable type="string">ramp_sat.ctbl</colortable>
    <sync type="int">0</sync>
  </camera1>

  <!-- film settings -->
  <film>
    <filename type="string">Epi-750s6-635s6-545s1</filename> 
    <acq_mode type="string">fixed_length</acq_mode>
    <frames type="int">20</frames>
    <logfile type="string">c:\Data\image_log.txt</logfile>
    <auto_increment type="int">1</auto_increment>
    <want_bell type="int">1</want_bell>
    <auto_shutters type="int">1</auto_shutters>
    <filetype type="string">.dax</filetype>
  </film>
  
  <!-- illumination settings -->
  <illumination>
  	<default_power type="custom">1.000,0.500,0.050,0.100,0.0088</default_power>
  	<shutters type="string">750f6_635f6_545f1_shutters_1cam.xml</shutters>
    <on_off_state type="custom">False,False,False,False,False</on_off_state>
    <power_buttons type="custom">[[['Max', 1.0], ['Low', 0.1]], [['Max', 1.0], ['Low', 0.1]], [['Max', 1.0], ['Low', 0.1]], [['Max', 1.0], ['Low', 0.1]], [['Max', 1.0], ['Low', 0.0088]]]</power_buttons>
  </illumination>

  <!-- focus lock settings -->
  <focuslock>
	<locked>
      <buffer_length type="int">3</buffer_length>
      <lock_gain type="float">0.1</lock_gain>
      <lock_gain_max type="float">0.1</lock_gain_max>
      <minimum_sum type="float">-1.0</minimum_sum>
      <offset_threshold type="float">50.0</offset_threshold>
    </locked>
  	<hardware_z_scan>
		<z_offsets type="string">0,0,0.5,0.5,0.5,2,2,2,3.5,3.5,3.5,5,5,5,6.5,6.5,6.5,8,8,8</z_offsets>
	</hardware_z_scan>
  </focuslock>
  

</settings>
